{
    "menu":
  [
    {
      "id": 1,
      "name": "Ginger Fried Beef",
      "price": 17.75,
      "imageUrl": "assets/images/menuitems/placeholder.png",
      "description": "lobortis tellus justo sit amet nulla. Donec non justo. Proin"
    } ,
    {
      "id": 2,
      "name": "Salt & Pepper Beef",
      "price": 15.50,
      "imageUrl": "assets/images/menuitems/placeholder.png",
      "description": "placerat, orci lacus vestibulum lorem, sit amet ultricies sem magna"
    },
    {
      "id": 3,
      "name": "Hot & Sour Soup",
      "price": 13.00,
      "imageUrl": "assets/images/menuitems/placeholder.png",
      "description": "metus. In nec orci. Donec nibh. Quisque nonummy ipsum non"
    },
    {
      "id": 4,
      "name": "Wor Won Ton",
      "price": 12.50,
      "imageUrl": "assets/images/menuitems/placeholder.png",
      "description": "natoque penatibus et magnis dis parturient montes, nascetur ridiculus mus."
    }
  ],
  "employee":
  [
    {
      "id": 1,
      "name": "Ginger Fried Beef",
      "price": 17.75,
      "imageUrl": "assets/images/menuitems/placeholder.png",
      "description": "lobortis tellus justo sit amet nulla. Donec non justo. Proin"
    } ,
    {
      "id": 2,
      "name": "Salt & Pepper Beef",
      "price": 15.50,
      "imageUrl": "assets/images/menuitems/placeholder.png",
      "description": "placerat, orci lacus vestibulum lorem, sit amet ultricies sem magna"
    },
    {
      "id": 3,
      "name": "Hot & Sour Soup",
      "price": 13.00,
      "imageUrl": "assets/images/menuitems/placeholder.png",
      "description": "metus. In nec orci. Donec nibh. Quisque nonummy ipsum non"
    },
    {
      "id": 4,
      "name": "Wor Won Ton",
      "price": 12.50,
      "imageUrl": "assets/images/menuitems/placeholder.png",
      "description": "natoque penatibus et magnis dis parturient montes, nascetur ridiculus mus."
    }
  ]


}
